id,first_name,last_name,email,createtime,sales
1,Arman,Childerhouse,achilderhouse0@bravesites.com,10/4/2024,1549.7
2,Noam,Renyard,nrenyard1@comcast.net,6/12/2023,1947.5
3,Etti,Owbrick,eowbrick2@mit.edu,5/4/2023,1213
4,Glynnis,Caras,gcaras3@reference.com,8/10/2023,1234.1
5,Morgun,Hanny,mhanny4@ask.com,2/2/2023,1303.5
6,Pammy,Demangeon,pdemangeon5@over-blog.com,19/2/2023,1638.7
7,Milli,Ricket,mricket6@behance.net,20/12/2023,1277.7
8,Sibby,Kamienski,skamienski7@globo.com,3/9/2023,1058.2
9,Caprice,Fredi,cfredi8@tmall.com,4/1/2024,1753.7
10,Myra,Entwisle,mentwisle9@istockphoto.com,28/12/2023,1815.4
11,Petronia,Bamell,pbamella@google.de,6/8/2023,1297
12,Tadio,Kissock,tkissockb@nationalgeographic.com,18/2/2023,1752.6
13,Sander,Knifton,skniftonc@amazon.com,2/5/2023,1883.9
14,Jacobo,Malafe,jmalafed@bing.com,19/5/2024,1860.8
15,Malanie,Waite,mwaitee@statcounter.com,7/6/2023,1014.3
16,Maitilde,Currey,mcurreyf@dmoz.org,21/4/2023,1814.2
17,Carmela,Owenson,cowensong@psu.edu,16/8/2023,1109.9
18,Murial,Barabich,mbarabichh@mozilla.com,11/4/2023,1379.5
19,Peggy,Avrahamy,pavrahamyi@123-reg.co.uk,6/8/2023,1183.1
20,Jacky,Alldridge,jalldridgej@dagondesign.com,4/9/2023,1603.7
21,Burk,Fazackerley,bfazackerleyk@netscape.com,18/3/2023,1751.1
22,Robb,Norcop,rnorcopl@dmoz.org,30/9/2023,1775.2
23,Janetta,Edgeler,jedgelerm@google.fr,4/4/2024,1475.9
24,Mallorie,Margram,mmargramn@zimbio.com,9/12/2023,1882.9
25,Roth,Nial,rnialo@flickr.com,18/5/2024,1876.4
26,Nicholas,Paish,npaishp@csmonitor.com,14/11/2023,1027.7
27,Katina,Showte,kshowteq@stanford.edu,8/9/2023,1091.5
28,Vincent,Sawle,vsawler@nbcnews.com,6/1/2024,1950.2
29,Foss,Schoenfisch,fschoenfischs@ucsd.edu,28/12/2023,1309.7
30,Lorrayne,Eagar,leagart@about.com,20/5/2024,1488.8
31,Bax,Langley,blangleyu@patch.com,28/5/2024,1925.3
32,Jourdan,Sholem,jsholemv@discovery.com,28/10/2023,1181
33,Cissy,Winckles,cwincklesw@php.net,7/10/2023,1194.8
34,Van,Rijkeseis,vrijkeseisx@time.com,13/4/2024,1632.7
35,Clarita,Albon,calbony@theatlantic.com,23/1/2024,1080.8
36,Boniface,Willgress,bwillgressz@storify.com,14/4/2023,1447
37,Marchelle,Ekkel,mekkel10@ameblo.jp,30/8/2023,1332.5
38,Konrad,MacDougall,kmacdougall11@guardian.co.uk,15/2/2023,1678.1
39,Farra,Brigstock,fbrigstock12@lycos.com,16/6/2023,1075.8
40,Lowe,Pesek,lpesek13@fc2.com,18/2/2023,1280
41,Danya,Easdon,deasdon14@networksolutions.com,20/2/2023,1039.6
42,Jessie,Filchagin,jfilchagin15@statcounter.com,11/4/2023,1696.8
43,Cordelia,Pitceathly,cpitceathly16@smugmug.com,11/2/2024,1955.9
44,Kameko,Beaford,kbeaford17@yelp.com,9/4/2024,1818.9
45,Justinian,Gloy,jgloy18@economist.com,17/2/2024,1294.1
46,Nerte,Fredson,nfredson19@plala.or.jp,26/1/2023,1701.5
47,Bradley,Hatherleigh,bhatherleigh1a@nasa.gov,16/6/2023,1268.4
48,Kristofor,Balentyne,kbalentyne1b@constantcontact.com,1/2/2024,1214.8
49,Kahlil,Hanssmann,khanssmann1c@state.tx.us,17/11/2023,1499.8
50,Quent,Balint,qbalint1d@hhs.gov,10/3/2023,1706.2
51,Weider,Hannen,whannen1e@independent.co.uk,11/11/2023,1540.7
52,Natalina,Jurek,njurek1f@t-online.de,28/4/2024,1978.9
53,Reginauld,Dundridge,rdundridge1g@mayoclinic.com,2/2/2024,1309.1
54,Orlando,Andrew,oandrew1h@virginia.edu,3/3/2024,1292.4
55,Isidor,Leddy,ileddy1i@japanpost.jp,22/3/2024,1185.1
56,Brittne,Faughny,bfaughny1j@bing.com,7/3/2023,1938.8
57,Bevon,Geleman,bgeleman1k@miibeian.gov.cn,21/2/2023,1883.1
58,Benedikta,Greenaway,bgreenaway1l@themeforest.net,8/1/2023,1388.2
59,Renelle,Busfield,rbusfield1m@seattletimes.com,10/1/2023,1430.5
60,Wittie,Chiplen,wchiplen1n@cbc.ca,10/1/2024,1180.2
61,Werner,Artrick,wartrick1o@dailymotion.com,4/1/2023,1841.1
62,Sallee,Kubik,skubik1p@dell.com,16/5/2023,1722.7
63,Shelbi,Songist,ssongist1q@webmd.com,24/4/2024,1114.6
64,Elijah,Jedrzej,ejedrzej1r@irs.gov,15/4/2024,1221.8
65,Ileana,Brabben,ibrabben1s@behance.net,3/5/2023,1406.7
66,Nancee,Tow,ntow1t@shinystat.com,10/3/2023,1059.8
67,Marjorie,Gobel,mgobel1u@g.co,22/9/2023,1860.3
68,Ermin,Tsar,etsar1v@marriott.com,11/4/2023,1269.9
69,Frank,Eilers,feilers1w@zdnet.com,9/4/2023,1714.7
70,Kelci,Bread,kbread1x@yellowpages.com,19/1/2024,1737.7
71,Denice,Burrage,dburrage1y@apple.com,22/4/2023,1969.8
72,Ludovico,Weben,lweben1z@friendfeed.com,11/1/2023,1348.8
73,Margarita,Mcwhinney,mmcwhinney20@ucsd.edu,29/4/2024,1424.7
74,Godfrey,Lambrecht,glambrecht21@cisco.com,14/3/2024,1913.8
75,Rourke,Kibby,rkibby22@acquirethisname.com,10/5/2024,1131.2
76,King,Philot,kphilot23@answers.com,18/1/2023,1675.6
77,Yevette,Hillburn,yhillburn24@list-manage.com,27/8/2023,1552.3
78,Briggs,Ilchenko,bilchenko25@blogger.com,25/4/2023,1107.8
79,Ambrosi,Fiddler,afiddler26@uol.com.br,7/5/2023,1601.7
80,Emmy,Martindale,emartindale27@1688.com,2/1/2024,1464.3
81,Barnard,Llop,bllop28@usatoday.com,14/12/2023,1063.7
82,Carolee,Betty,cbetty29@cdbaby.com,16/4/2024,1856.7
83,Florina,Hillburn,fhillburn2a@home.pl,12/6/2023,1802.3
84,Cole,Sirl,csirl2b@51.la,18/6/2023,1222.9
85,Kylie,Slarke,kslarke2c@umn.edu,9/4/2024,1293.6
86,Matty,Skinner,mskinner2d@bluehost.com,15/8/2023,1575.5
87,Cyndy,Turpey,cturpey2e@nba.com,18/1/2024,1775.3
88,Milka,Berecloth,mberecloth2f@who.int,6/4/2024,1119
89,Benedicta,Jahan,bjahan2g@live.com,5/7/2023,1883.8
90,Ursola,Haggish,uhaggish2h@vinaora.com,24/12/2023,1385
91,Magnum,Camerana,mcamerana2i@xrea.com,28/2/2024,1487.4
92,Willie,Strangwood,wstrangwood2j@craigslist.org,13/11/2023,1733.9
93,Cornie,Grane,cgrane2k@ted.com,10/8/2023,1762.7
94,Carmelle,Gadsden,cgadsden2l@cpanel.net,6/9/2023,1061.7
95,Corny,Pordal,cpordal2m@rediff.com,9/5/2023,1000.5
96,Dieter,Bradnum,dbradnum2n@youku.com,26/1/2023,1157.3
97,Morlee,Pontefract,mpontefract2o@freewebs.com,3/4/2024,1255.7
98,Jerry,Semble,jsemble2p@dailymotion.com,2/5/2024,1279.7
99,Ursula,Rosiello,urosiello2q@army.mil,31/10/2023,1785.8
100,Warren,Clucas,wclucas2r@twitter.com,11/6/2023,1371.7
101,Shaun,Sandham,ssandham2s@live.com,20/2/2024,1063.1
102,Jonas,Picheford,jpicheford2t@behance.net,8/2/2023,1837.5
103,Powell,Dawson,pdawson2u@cocolog-nifty.com,30/12/2023,1166.5
104,Liane,Novakovic,lnovakovic2v@uiuc.edu,23/2/2024,1082.5
105,Diane-marie,Kemson,dkemson2w@mozilla.org,29/12/2023,1425.5
106,Bernelle,Rous,brous2x@spotify.com,9/9/2023,1089.1
107,Derron,Critchell,dcritchell2y@goodreads.com,24/4/2023,1879.7
108,Darcy,Flude,dflude2z@diigo.com,3/11/2023,1075.8
109,Thomasina,Iacomi,tiacomi30@europa.eu,21/12/2023,1274.4
110,Fraser,Desport,fdesport31@vk.com,2/9/2023,1157.4
111,Berne,Week,bweek32@ocn.ne.jp,27/9/2023,1508.2
112,Fredericka,Aspenlon,faspenlon33@barnesandnoble.com,14/11/2023,1897.3
113,Igor,Vinter,ivinter34@bbb.org,23/3/2023,1526.2
114,Agnella,Gunton,agunton35@seesaa.net,25/7/2023,1381.5
115,Joleen,Agastina,jagastina36@nasa.gov,6/7/2023,1887.8
116,Mose,Keene,mkeene37@paginegialle.it,16/12/2023,1960
117,Jammie,Rantoull,jrantoull38@1688.com,30/9/2023,1427.7
118,Thorny,Mullarkey,tmullarkey39@marketwatch.com,25/2/2023,1146.6
119,Fredrika,Bradneck,fbradneck3a@livejournal.com,18/4/2024,1309.6
120,Reta,O'Connel,roconnel3b@spiegel.de,7/3/2024,1494.1
121,Abba,Priddis,apriddis3c@pbs.org,28/2/2023,1958.5
122,Tarrah,Boak,tboak3d@shinystat.com,11/8/2023,1468
123,Brody,Firpo,bfirpo3e@noaa.gov,14/3/2023,1769
124,Desirae,Pasley,dpasley3f@opensource.org,4/7/2023,1818.3
125,Nicholle,Geekie,ngeekie3g@barnesandnoble.com,5/2/2024,1149.9
126,Ynez,Coneley,yconeley3h@uiuc.edu,2/4/2024,1440
127,Terri-jo,Brewers,tbrewers3i@technorati.com,27/6/2023,1495.9
128,Filbert,Ciepluch,fciepluch3j@discuz.net,25/1/2024,1812.2
129,Carmelina,Swadden,cswadden3k@state.tx.us,30/10/2023,1735
130,Mair,Whapples,mwhapples3l@springer.com,9/11/2023,1747.6
131,Annabal,Dulake,adulake3m@icq.com,7/12/2023,1076.8
132,Shaughn,Circuit,scircuit3n@devhub.com,4/1/2023,1917.3
133,Chevalier,Barrand,cbarrand3o@wikia.com,22/1/2023,1124.1
134,Micky,Rennenbach,mrennenbach3p@reuters.com,17/5/2023,1597.1
135,Linn,O' Shea,loshea3q@dot.gov,25/2/2023,1456
136,Helga,Whiteley,hwhiteley3r@about.me,24/9/2023,1934.6
137,Constanta,Dionisii,cdionisii3s@independent.co.uk,6/8/2023,1436.7
138,Bibby,Gonnely,bgonnely3t@fema.gov,2/5/2023,1388.1
139,Conn,Cottel,ccottel3u@google.com.br,22/3/2024,1912.1
140,Casper,Wooler,cwooler3v@facebook.com,13/4/2023,1897.4
141,Leslie,Lestrange,llestrange3w@foxnews.com,24/8/2023,1241.9
142,Billy,Penton,bpenton3x@oaic.gov.au,20/4/2023,1899.2
143,Francklyn,Littlepage,flittlepage3y@arizona.edu,20/2/2024,1474.2
144,Jenny,Stranger,jstranger3z@si.edu,27/4/2024,1040.8
145,Adelina,Zanolli,azanolli40@angelfire.com,12/6/2023,1039.2
146,Gareth,Rubenov,grubenov41@hibu.com,21/2/2023,1889.2
147,Aurea,Blazewicz,ablazewicz42@japanpost.jp,22/8/2023,1433.2
148,Ellissa,Bullock,ebullock43@hostgator.com,31/8/2023,1235.1
149,Sig,Kochl,skochl44@examiner.com,12/7/2023,1997.3
150,Cyril,Dabell,cdabell45@about.com,30/7/2023,1717.4
151,Jessica,Dickman,jdickman46@sohu.com,17/9/2023,1618.9
152,Trude,Huntington,thuntington47@blog.com,30/12/2023,1206.5
153,Konstantin,Cahey,kcahey48@seattletimes.com,12/3/2024,1093.8
154,Jobi,Cathee,jcathee49@cam.ac.uk,18/9/2023,1399.7
155,Shaine,Duligall,sduligall4a@weather.com,31/5/2023,1102.3
156,Elsey,Flucker,eflucker4b@51.la,16/6/2023,1224.5
157,Fred,Ibeson,fibeson4c@bloglovin.com,26/2/2023,1337.6
158,Vick,Buret,vburet4d@360.cn,2/2/2024,1630.3
159,Desiree,Gloves,dgloves4e@craigslist.org,16/10/2023,1349.7
160,Carie,Baume,cbaume4f@ucoz.ru,28/2/2024,1341.9
161,Alfreda,Headrick,aheadrick4g@macromedia.com,15/1/2023,1495.6
162,Roddie,Crimmins,rcrimmins4h@phoca.cz,5/12/2023,1994.9
163,Price,Cracie,pcracie4i@bravesites.com,18/3/2024,1291.7
164,Sally,Wrightim,swrightim4j@unc.edu,23/1/2023,1111.3
165,Victoir,Gallant,vgallant4k@nps.gov,18/8/2023,1851.8
166,Noellyn,Dunthorn,ndunthorn4l@time.com,29/1/2024,1915.9
167,Else,McNabb,emcnabb4m@freewebs.com,12/8/2023,1030.3
168,Clementius,Menelaws,cmenelaws4n@washington.edu,3/1/2024,1810.1
169,Claudell,Stokell,cstokell4o@booking.com,10/5/2023,1335.9
170,Bennett,Do Rosario,bdorosario4p@prlog.org,27/4/2024,1194.4
171,Olivia,Setford,osetford4q@ted.com,24/3/2023,1159.7
172,Megen,Duligal,mduligal4r@51.la,24/9/2023,1641.6
173,Candis,Leblanc,cleblanc4s@constantcontact.com,26/1/2023,1035.9
174,Glad,Holburn,gholburn4t@amazon.com,24/12/2023,1473.7
175,Goldy,Brook,gbrook4u@addtoany.com,17/2/2024,1659.6
176,Lanie,Ruddiforth,lruddiforth4v@cnn.com,4/11/2023,1391.4
177,Lissi,Wakely,lwakely4w@go.com,31/3/2023,1837.8
178,Kalli,Smyth,ksmyth4x@yellowpages.com,1/8/2023,1181.6
179,Aloise,Entissle,aentissle4y@zdnet.com,17/5/2024,1075.3
180,Mattias,Sizeland,msizeland4z@networkadvertising.org,4/2/2024,1043.2
181,Faunie,Tizard,ftizard50@technorati.com,13/2/2023,1586.5
182,Trefor,Hammersley,thammersley51@dell.com,18/4/2023,1114.5
183,Eloisa,Beckley,ebeckley52@theglobeandmail.com,13/3/2023,1510.3
184,Lauretta,Gallyon,lgallyon53@digg.com,6/4/2024,1291.6
185,Danika,Tongue,dtongue54@paginegialle.it,22/1/2023,1672.5
186,Milicent,Gannaway,mgannaway55@ucsd.edu,26/9/2023,1621.8
187,Baron,Downgate,bdowngate56@europa.eu,3/3/2023,1005
188,Leila,Juszczyk,ljuszczyk57@who.int,19/1/2023,1950.7
189,Ludovico,Vassano,lvassano58@java.com,3/4/2023,1917.8
190,Carlie,Malpas,cmalpas59@cloudflare.com,15/10/2023,1699.5
191,Arni,Turgoose,aturgoose5a@scribd.com,26/3/2023,1964.7
192,Nicolle,Bergin,nbergin5b@economist.com,9/5/2023,1962.5
193,Gauthier,Grutchfield,ggrutchfield5c@china.com.cn,24/9/2023,1322.2
194,Bourke,Janous,bjanous5d@usgs.gov,1/4/2023,1416.4
195,Harcourt,Gostage,hgostage5e@yandex.ru,9/3/2024,1382.4
196,Marsha,Dell Casa,mdellcasa5f@springer.com,8/5/2024,1344.2
197,Antonina,Barkworth,abarkworth5g@wordpress.com,2/7/2023,1043.3
198,Franky,Scimonelli,fscimonelli5h@adobe.com,28/10/2023,1737.2
199,Emmy,Avery,eavery5i@mediafire.com,7/6/2023,1690.2
200,Sunshine,Hatcher,shatcher5j@patch.com,11/6/2023,1389.5
201,Kelcy,Losemann,klosemann5k@gizmodo.com,12/2/2024,1399.2
202,Eddie,Jekel,ejekel5l@gov.uk,19/3/2023,1815.9
203,Archer,Mattaus,amattaus5m@vistaprint.com,1/2/2023,1023.9
204,Lacie,Egdal,legdal5n@bloglovin.com,26/2/2023,1105.5
205,Genovera,MacKain,gmackain5o@columbia.edu,7/1/2023,1606.2
206,Aundrea,Rabier,arabier5p@blogs.com,25/9/2023,1390.3
207,Dennie,Mityakov,dmityakov5q@tinyurl.com,22/10/2023,1828.5
208,Pedro,Penk,ppenk5r@pagesperso-orange.fr,29/6/2023,1097.1
209,Sioux,Greendale,sgreendale5s@princeton.edu,26/12/2023,1769.8
210,Chen,Southcott,csouthcott5t@instagram.com,4/9/2023,1828.6
211,Jereme,Cunliffe,jcunliffe5u@jugem.jp,19/7/2023,1279
212,Hakim,Polkinghorne,hpolkinghorne5v@scribd.com,3/11/2023,1216.4
213,Brade,Mostin,bmostin5w@craigslist.org,27/8/2023,1648.8
214,Kelley,Sherston,ksherston5x@imdb.com,14/12/2023,1032.5
215,Shalne,Iceton,siceton5y@redcross.org,21/5/2024,1523.4
216,Teador,Capner,tcapner5z@smh.com.au,24/11/2023,1332.3
217,Delly,Dudson,ddudson60@bing.com,27/7/2023,1857.8
218,Torry,Learmond,tlearmond61@hibu.com,5/8/2023,1581.9
219,Jacky,Catanheira,jcatanheira62@chicagotribune.com,3/2/2024,1679.2
220,Saundra,Twigge,stwigge63@odnoklassniki.ru,30/12/2023,1060.9
221,Nady,Davidove,ndavidove64@indiatimes.com,7/1/2024,1598.7
222,Natassia,Dirr,ndirr65@nbcnews.com,20/8/2023,1374.2
223,Amy,Hilliam,ahilliam66@blogtalkradio.com,26/6/2023,1000.4
224,Sallee,Skala,sskala67@surveymonkey.com,11/3/2023,1835.4
225,Halsy,Ditty,hditty68@ameblo.jp,2/1/2023,1157.5
226,Renato,Tamblyn,rtamblyn69@census.gov,1/3/2024,1680.6
227,Justino,Edds,jedds6a@amazon.co.uk,3/3/2023,1741.3
228,Lesley,Lautie,llautie6b@umich.edu,18/4/2024,1681.7
229,Wyn,Lough,wlough6c@phoca.cz,11/1/2023,1905.7
230,Bab,Nisco,bnisco6d@bandcamp.com,9/8/2023,1436.8
231,Matthieu,Polgreen,mpolgreen6e@com.com,15/1/2023,1261.9
232,Danyelle,Vittery,dvittery6f@earthlink.net,3/2/2023,1036.7
233,Lothaire,Issakov,lissakov6g@clickbank.net,17/9/2023,1985.1
234,Irita,Wadeson,iwadeson6h@dailymotion.com,3/6/2023,1094.8
235,Corinna,Spiers,cspiers6i@github.com,20/8/2023,1463.8
236,Corabella,McVity,cmcvity6j@wordpress.com,16/5/2024,1339.8
237,Melicent,McDougald,mmcdougald6k@noaa.gov,18/3/2024,1396.4
238,Genvieve,Jakubowsky,gjakubowsky6l@wufoo.com,4/3/2024,1036.5
239,Aurilia,Roston,aroston6m@gizmodo.com,23/2/2024,1880.8
240,Alison,Cozins,acozins6n@mayoclinic.com,1/2/2023,1697.8
241,Rice,Keeffe,rkeeffe6o@blogger.com,11/1/2023,1798.1
242,Stevana,Bedinn,sbedinn6p@twitpic.com,19/8/2023,1952.1
243,Agretha,Marjoribanks,amarjoribanks6q@usnews.com,19/6/2023,1559.4
244,Hugo,Hurlin,hhurlin6r@gmpg.org,17/6/2023,1535
245,Constantine,Richards,crichards6s@umn.edu,1/3/2023,1724.6
246,Ekaterina,Schwant,eschwant6t@zdnet.com,19/9/2023,1289.2
247,Coraline,Metham,cmetham6u@bbb.org,15/5/2023,1749.1
248,Steffane,Linklet,slinklet6v@utexas.edu,2/1/2024,1508.8
249,Reider,Micah,rmicah6w@printfriendly.com,12/9/2023,1090.9
250,Doy,Gailor,dgailor6x@spiegel.de,11/4/2023,1929
251,Cornall,Airlie,cairlie6y@a8.net,2/3/2023,1559.5
252,Gayleen,Pamplin,gpamplin6z@engadget.com,7/12/2023,1783.2
253,Ariel,Roberds,aroberds70@businessinsider.com,2/1/2024,1062.8
254,Peyter,Enbury,penbury71@flickr.com,23/3/2023,1937.7
255,Shell,Grigore,sgrigore72@wp.com,2/2/2024,1719.9
256,Gusta,Shelly,gshelly73@theatlantic.com,26/5/2023,1110.1
257,Ase,Westrip,awestrip74@toplist.cz,5/5/2024,1871.7
258,Thibaut,Spellissy,tspellissy75@cloudflare.com,14/4/2023,1359.5
259,Selinda,Diss,sdiss76@goo.gl,9/3/2023,1702.5
260,Powell,Sher,psher77@shop-pro.jp,26/7/2023,1030.1
261,Wye,Garshore,wgarshore78@moonfruit.com,5/4/2023,1574
262,Alena,Dimmne,adimmne79@adobe.com,26/1/2023,1577.1
263,Charita,Stannering,cstannering7a@list-manage.com,18/8/2023,1450.4
264,Beverlee,Roxburch,broxburch7b@scientificamerican.com,19/2/2023,1829.2
265,Cherilyn,Borthram,cborthram7c@mozilla.com,20/10/2023,1308.3
266,Gisela,Reinhart,greinhart7d@mac.com,20/1/2023,1435.1
267,Jarrett,Baudic,jbaudic7e@netscape.com,24/10/2023,1791.1
268,Candide,Biaggelli,cbiaggelli7f@soundcloud.com,29/1/2023,1154.1
269,Honor,Cullity,hcullity7g@digg.com,9/1/2024,1255.2
270,Shir,Connechie,sconnechie7h@accuweather.com,21/4/2023,1609.5
271,Lonna,Prier,lprier7i@rambler.ru,4/10/2023,1124
272,Orlando,Beardsley,obeardsley7j@tinypic.com,15/12/2023,1089.9
273,Patrice,Sundin,psundin7k@webeden.co.uk,27/1/2023,1164.9
274,Kris,Kemson,kkemson7l@creativecommons.org,6/11/2023,1217.7
275,Nehemiah,Tapsell,ntapsell7m@narod.ru,9/6/2023,1496.3
276,Hannie,Doldon,hdoldon7n@nih.gov,11/12/2023,1150.5
277,Gustavo,Scola,gscola7o@icq.com,23/1/2023,1123.5
278,Morgen,Egar,megar7p@slideshare.net,21/3/2024,1407.3
279,Corina,Punyer,cpunyer7q@examiner.com,10/11/2023,1894
280,Ciro,Kennford,ckennford7r@sitemeter.com,20/8/2023,1701.1
281,Reece,Dashkov,rdashkov7s@guardian.co.uk,22/9/2023,1068.5
282,Amalie,McGillecole,amcgillecole7t@paginegialle.it,24/3/2023,1584.9
283,Trude,Kinmond,tkinmond7u@cdbaby.com,11/5/2024,1362.1
284,Cullie,Bruin,cbruin7v@prnewswire.com,12/5/2023,1279.8
285,Adele,O'Mannion,aomannion7w@marriott.com,24/2/2023,1662
286,Georgie,Rackley,grackley7x@spiegel.de,27/6/2023,1795.8
287,Brandais,Hebblewaite,bhebblewaite7y@amazon.com,28/2/2023,1579.6
288,Cari,Ekless,cekless7z@dailymail.co.uk,16/9/2023,1840.9
289,Nari,Garnsworthy,ngarnsworthy80@istockphoto.com,6/4/2024,1070.4
290,Godiva,Mills,gmills81@linkedin.com,27/11/2023,1332.4
291,Tanya,Angear,tangear82@unblog.fr,26/1/2024,1561.8
292,Karlan,Casaro,kcasaro83@cdbaby.com,19/4/2023,1719.1
293,Tyson,Guarin,tguarin84@sina.com.cn,8/8/2023,1696.9
294,Cherish,Vasentsov,cvasentsov85@themeforest.net,16/6/2023,1209.6
295,Dania,Hardes,dhardes86@phoca.cz,23/2/2023,1630.1
296,Drake,Lanning,dlanning87@drupal.org,7/8/2023,1272.6
297,Harp,Bullant,hbullant88@rakuten.co.jp,16/10/2023,1766.1
298,Willis,Attack,wattack89@bloglines.com,21/11/2023,1105.7
299,Lewie,Challiss,lchalliss8a@blogger.com,23/5/2023,1110.3
300,Aylmar,Gerdts,agerdts8b@comsenz.com,12/4/2023,1299
301,Peter,Davidsson,pdavidsson8c@discuz.net,19/2/2023,1095.6
302,Falito,Chiles,fchiles8d@moonfruit.com,30/1/2024,1546
303,Lemar,Velareal,lvelareal8e@woothemes.com,1/2/2024,1897.8
304,Lilly,Persian,lpersian8f@wiley.com,22/8/2023,1916.5
305,Lind,Quinnet,lquinnet8g@webnode.com,3/4/2024,1396.4
306,Barn,Skedge,bskedge8h@ask.com,8/2/2024,1147.1
307,Leilah,Ewan,lewan8i@ocn.ne.jp,23/2/2024,1535.3
308,Teodoro,Bloodworth,tbloodworth8j@economist.com,8/2/2024,1782.5
309,Etienne,McClelland,emcclelland8k@goo.gl,24/2/2024,1727.9
310,Hastie,Hyland,hhyland8l@blog.com,15/3/2023,1823.3
311,Glyn,Kippie,gkippie8m@uol.com.br,29/2/2024,1623.9
312,Katrina,Okenfold,kokenfold8n@ustream.tv,10/2/2024,1064.7
313,Leesa,Clemmow,lclemmow8o@un.org,1/11/2023,1576.6
314,Brandise,Gilhooly,bgilhooly8p@ocn.ne.jp,11/12/2023,1410.7
315,Julissa,Callender,jcallender8q@wikispaces.com,2/11/2023,1861.6
316,Nona,Quogan,nquogan8r@usa.gov,31/12/2023,1612.2
317,Pauli,Petrolli,ppetrolli8s@gnu.org,5/4/2023,1826.7
318,Garrek,MacAndrew,gmacandrew8t@dropbox.com,26/2/2024,1839.5
319,Wilbert,Yemm,wyemm8u@upenn.edu,22/2/2024,1127.9
320,Jacqui,Floyed,jfloyed8v@zdnet.com,4/8/2023,1055.9
321,Meredeth,Mussen,mmussen8w@cnn.com,16/8/2023,1112.5
322,Allissa,Niven,aniven8x@weather.com,27/6/2023,1006.9
323,Herb,MacCaughey,hmaccaughey8y@java.com,8/1/2024,1140.1
324,Elnar,Musterd,emusterd8z@trellian.com,23/1/2024,1704.3
325,Charisse,Morbey,cmorbey90@oaic.gov.au,5/2/2023,1326.7
326,Jennica,Conrart,jconrart91@lulu.com,3/4/2023,1708.6
327,Victor,Wilkerson,vwilkerson92@fastcompany.com,25/4/2023,1030
328,Frederica,Gearing,fgearing93@archive.org,2/7/2023,1110.2
329,Devora,Ditchett,dditchett94@mozilla.org,20/6/2023,1711.8
330,Rick,Garland,rgarland95@patch.com,7/10/2023,1319.8
331,Marge,Ellerey,mellerey96@joomla.org,24/5/2024,1492.6
332,Melony,Dockray,mdockray97@noaa.gov,24/6/2023,1089.7
333,Claudius,Whal,cwhal98@oakley.com,30/4/2023,1671.1
334,Paola,Bann,pbann99@stumbleupon.com,6/5/2024,1248.3
335,Rufe,Fackrell,rfackrell9a@ucoz.com,26/6/2023,1791.7
336,Morganica,Entissle,mentissle9b@xrea.com,18/4/2023,1127.9
337,Hilliard,Czapla,hczapla9c@senate.gov,24/3/2023,1191.4
338,Donny,Rosten,drosten9d@typepad.com,3/6/2023,1854.1
339,Henrie,St. Aubyn,hstaubyn9e@fastcompany.com,26/6/2023,1377.7
340,Asia,Clifft,aclifft9f@tamu.edu,16/1/2024,1374.6
341,Georgetta,Killwick,gkillwick9g@ihg.com,27/1/2023,1170.8
342,Jacquenette,D'Oyly,jdoyly9h@pen.io,21/11/2023,1796
343,Evangelin,Brobyn,ebrobyn9i@imgur.com,2/4/2023,1091.4
344,Bryn,Tilberry,btilberry9j@macromedia.com,26/1/2023,1078.3
345,Buiron,Pestell,bpestell9k@shinystat.com,18/4/2024,1948.3
346,Jonah,Cotterill,jcotterill9l@ning.com,17/4/2023,1417
347,Louis,McClaren,lmcclaren9m@nih.gov,7/1/2024,1989.3
348,Albie,Marvel,amarvel9n@craigslist.org,5/2/2023,1850.6
349,Pansy,Cuardall,pcuardall9o@storify.com,6/12/2023,1553.7
350,Mead,Chelley,mchelley9p@dropbox.com,23/2/2024,1500.4
351,Evelyn,Dorro,edorro9q@goo.ne.jp,17/5/2024,1910.4
352,Valentine,Howbrook,vhowbrook9r@statcounter.com,20/2/2024,1023.9
353,Alphonso,Matthias,amatthias9s@webnode.com,6/12/2023,1270.2
354,Woodie,Camies,wcamies9t@sakura.ne.jp,5/10/2023,1710.7
355,Kassi,Andreas,kandreas9u@arizona.edu,16/2/2024,1913.8
356,Orbadiah,Abdee,oabdee9v@addtoany.com,12/6/2023,1039.2
357,Kania,Munslow,kmunslow9w@elpais.com,5/6/2023,1831.7
358,Stafford,Ingarfill,singarfill9x@sun.com,22/10/2023,1048.3
359,Garret,Waltho,gwaltho9y@nasa.gov,15/6/2023,1051.8
360,Casandra,Willicott,cwillicott9z@upenn.edu,14/4/2024,1962.7
361,Desirae,Yosevitz,dyosevitza0@census.gov,24/1/2024,1791.6
362,Herman,Lindsay,hlindsaya1@de.vu,8/8/2023,1998.5
363,Corbie,Tolussi,ctolussia2@bandcamp.com,11/7/2023,1926.6
364,Eba,Antoney,eantoneya3@surveymonkey.com,23/7/2023,1940.4
365,Jacinthe,Mulvin,jmulvina4@slideshare.net,14/8/2023,1514.6
366,Winona,Elwyn,welwyna5@surveymonkey.com,14/4/2024,1891.6
367,Vivie,Moodie,vmoodiea6@tripod.com,5/2/2024,1100.6
368,Valma,Duddan,vduddana7@nytimes.com,12/11/2023,1433.6
369,Beret,Govett,bgovetta8@webs.com,19/3/2023,1426
370,Zabrina,Brende,zbrendea9@engadget.com,5/3/2023,1338.6
371,Katherine,Holcroft,kholcroftaa@about.com,22/3/2024,1841.3
372,Auroora,Warriner,awarrinerab@businesswire.com,20/12/2023,1417.8
373,Filbert,Loukes,floukesac@hugedomains.com,8/1/2023,1615.2
374,Julina,Ridgedell,jridgedellad@answers.com,23/1/2024,1006.7
375,Andee,Faichnie,afaichnieae@biblegateway.com,31/1/2023,1522.6
376,Woodman,Puzey,wpuzeyaf@cargocollective.com,23/3/2023,1657.9
377,Norina,Tanton,ntantonag@cafepress.com,2/5/2024,1456.1
378,Fiorenze,Woodthorpe,fwoodthorpeah@webmd.com,11/3/2024,1514.7
379,Concettina,Checkley,ccheckleyai@walmart.com,18/3/2024,1037.2
380,Matty,Crossan,mcrossanaj@sourceforge.net,19/12/2023,1363.7
381,Brigham,Chatainier,bchatainierak@quantcast.com,7/9/2023,1933.7
382,Etta,Simek,esimekal@163.com,11/3/2024,1251.2
383,Kilian,Poli,kpoliam@hostgator.com,12/9/2023,1242.5
384,Roley,Yashunin,ryashuninan@statcounter.com,16/1/2024,1479.2
385,Annabelle,Cuddehay,acuddehayao@auda.org.au,3/4/2023,1415.8
386,Brant,Rumens,brumensap@phpbb.com,22/8/2023,1838.1
387,Brandy,Layus,blayusaq@so-net.ne.jp,14/4/2024,1461
388,Sigismundo,Eilhermann,seilhermannar@abc.net.au,14/3/2024,1046.4
389,Henderson,Broun,hbrounas@about.me,13/9/2023,1258.6
390,Filberto,Searchfield,fsearchfieldat@hhs.gov,4/4/2023,1115.1
391,Electra,Jovis,ejovisau@bizjournals.com,14/5/2024,1986.9
392,Clemmy,Klimentyonok,cklimentyonokav@gov.uk,8/2/2023,1559.7
393,Clementia,Orts,cortsaw@rakuten.co.jp,9/10/2023,1081.9
394,Celka,Burniston,cburnistonax@cdbaby.com,27/3/2023,1090.9
395,Ransell,Farmar,rfarmaray@reddit.com,2/4/2024,1677.6
396,Kennett,Trevance,ktrevanceaz@marketwatch.com,13/4/2023,1036.1
397,Jaye,Lightowler,jlightowlerb0@acquirethisname.com,1/10/2023,1420.8
398,Athene,Archibald,aarchibaldb1@apple.com,1/3/2023,1425.3
399,Teddi,Andryunin,tandryuninb2@businessweek.com,6/5/2023,1541.2
400,Janka,Bransdon,jbransdonb3@go.com,13/12/2023,1407.2
401,Cherida,Yakubowicz,cyakubowiczb4@about.com,5/3/2023,1508.5
402,Zebulen,Hakey,zhakeyb5@rambler.ru,1/5/2024,1585.6
403,Sara-ann,Gadaud,sgadaudb6@skype.com,15/5/2024,1232.8
404,Petronilla,O'Keaveny,pokeavenyb7@ibm.com,21/2/2024,1330
405,Hadley,Heskey,hheskeyb8@salon.com,8/12/2023,1174.2
406,Avis,O'Quin,aoquinb9@instagram.com,21/2/2024,1969.7
407,Danette,Truce,dtruceba@t-online.de,22/4/2023,1960.4
408,Aland,Beddon,abeddonbb@domainmarket.com,14/7/2023,1287.7
409,Mommy,Byatt,mbyattbc@alexa.com,7/9/2023,1910.4
410,Verina,Albion,valbionbd@weebly.com,3/2/2024,1067.6
411,Giffy,Paulsen,gpaulsenbe@ucoz.com,9/3/2023,1120.2
412,Melisa,Yanshin,myanshinbf@google.com.hk,8/4/2023,1483.4
413,Merrie,Aldin,maldinbg@xrea.com,9/1/2024,1852.7
414,Robina,Grave,rgravebh@imdb.com,8/9/2023,1772.4
415,Mikel,Bedin,mbedinbi@scribd.com,12/8/2023,1364.1
416,Clint,Randals,crandalsbj@foxnews.com,24/10/2023,1931
417,Milzie,Symcox,msymcoxbk@redcross.org,15/1/2023,1603.5
418,Alayne,Ludron,aludronbl@vkontakte.ru,22/2/2024,1329.4
419,Margette,Caldaro,mcaldarobm@blinklist.com,25/9/2023,1525.4
420,Dode,MacCartair,dmaccartairbn@washingtonpost.com,29/4/2024,1603
421,Isaak,Izat,iizatbo@amazon.co.uk,7/2/2023,1249.7
422,Orson,Sute,osutebp@barnesandnoble.com,20/3/2023,1320.1
423,Jeremias,Keyzman,jkeyzmanbq@pcworld.com,15/4/2023,1681.9
424,Ollie,Wallbanks,owallbanksbr@blogger.com,6/3/2024,1668.5
425,Merwyn,Raftery,mrafterybs@xrea.com,23/5/2024,1977.6
426,Harald,Coatman,hcoatmanbt@shutterfly.com,12/5/2024,1561.6
427,Tabbi,Sidry,tsidrybu@cafepress.com,22/11/2023,1362.8
428,Bree,McClarence,bmcclarencebv@themeforest.net,12/3/2024,1815.7
429,Hersh,Fittes,hfittesbw@github.com,21/11/2023,1176
430,Tarrance,Frizzell,tfrizzellbx@who.int,23/1/2024,1883.9
431,Cazzie,Stennine,cstennineby@stumbleupon.com,22/2/2023,1904.6
432,Jilly,Grose,jgrosebz@istockphoto.com,3/3/2024,1999.4
433,Kathlin,Seabright,kseabrightc0@nasa.gov,26/1/2023,1120.2
434,Westley,Truce,wtrucec1@ameblo.jp,9/3/2023,1677.9
435,Gram,Scuse,gscusec2@livejournal.com,2/2/2024,1692.9
436,Ashleigh,Balentyne,abalentynec3@g.co,12/1/2023,1540.8
437,Hillary,Beckwith,hbeckwithc4@multiply.com,13/3/2023,1708.1
438,Ranique,Varsey,rvarseyc5@mashable.com,12/10/2023,1183.9
439,Dewey,Gibbetts,dgibbettsc6@g.co,22/1/2024,1753.7
440,Becka,Joyce,bjoycec7@zimbio.com,23/6/2023,1560.9
441,Chryste,Bohike,cbohikec8@fotki.com,13/2/2024,1544.7
442,Percy,Ethelston,pethelstonc9@usda.gov,19/3/2023,1500.8
443,Violetta,Sibbering,vsibberingca@cloudflare.com,5/11/2023,1743.7
444,Chaunce,Selwin,cselwincb@pcworld.com,6/8/2023,1921.6
445,Edeline,Heugel,eheugelcc@mashable.com,29/7/2023,1054.2
446,Yorke,Tace,ytacecd@posterous.com,8/3/2024,1429.5
447,Adara,Sprankling,aspranklingce@edublogs.org,13/5/2023,1867
448,Ardath,Wemyss,awemysscf@nba.com,22/4/2024,1805.1
449,Marya,Cassie,mcassiecg@lycos.com,25/5/2024,1441.9
450,Bentlee,Goodwins,bgoodwinsch@chronoengine.com,15/3/2023,1610.2
451,Albert,Curbishley,acurbishleyci@hp.com,16/2/2024,1892.9
452,Hadria,Varrow,hvarrowcj@biglobe.ne.jp,5/3/2023,1404.6
453,Case,Beggini,cbegginick@phpbb.com,4/1/2024,1733.7
454,Stewart,Morad,smoradcl@gov.uk,30/12/2023,1805.9
455,Ruthie,Moxon,rmoxoncm@nps.gov,28/11/2023,1495.5
456,Susi,Rosterne,srosternecn@cnn.com,20/7/2023,1327.8
457,Rozella,Ealles,reallesco@amazon.de,30/12/2023,1176.5
458,Gayelord,Hawson,ghawsoncp@live.com,21/5/2023,1739.5
459,Jonas,Urey,jureycq@usda.gov,28/11/2023,1810.6
460,Wendi,Farrin,wfarrincr@patch.com,9/1/2023,1521.6
461,Glynda,Adamolli,gadamollics@paypal.com,10/5/2023,1951.5
462,Erastus,Titterrell,etitterrellct@macromedia.com,9/1/2024,1694.6
463,Hermia,Chong,hchongcu@smh.com.au,21/11/2023,1021.9
464,Albrecht,Caddy,acaddycv@vimeo.com,18/6/2023,1213.5
465,Emelda,Rentoul,erentoulcw@who.int,12/10/2023,1226.7
466,Donavon,Pelz,dpelzcx@imageshack.us,20/7/2023,1358.4
467,Cymbre,Natalie,cnataliecy@msn.com,23/7/2023,1542.7
468,Emalia,Moorhouse,emoorhousecz@meetup.com,2/3/2024,1839
469,Birdie,Christene,bchristened0@redcross.org,17/5/2023,1516.2
470,Berthe,Bryan,bbryand1@amazonaws.com,2/12/2023,1574.4
471,Mohandis,Galliard,mgalliardd2@reference.com,3/9/2023,1003.6
472,Rina,Dranfield,rdranfieldd3@boston.com,2/7/2023,1151.7
473,Lonni,Daglish,ldaglishd4@flavors.me,28/5/2024,1088.8
474,Ashla,Ilchuk,ailchukd5@qq.com,26/8/2023,1871
475,Jacquetta,Guitte,jguitted6@parallels.com,2/2/2023,1123.8
476,Tallie,Churm,tchurmd7@umich.edu,1/12/2023,1286.2
477,Odell,Caneo,ocaneod8@last.fm,20/7/2023,1760.2
478,Holly-anne,Wheelwright,hwheelwrightd9@people.com.cn,11/3/2023,1385.5
479,Tally,Follen,tfollenda@webeden.co.uk,19/2/2023,1550.6
480,Sonya,Mercik,smercikdb@addtoany.com,18/3/2023,1083.1
481,Chaim,Gartin,cgartindc@wunderground.com,17/3/2024,1391.9
482,Clovis,Backshaw,cbackshawdd@hhs.gov,1/8/2023,1238.2
483,Kelsi,Mcasparan,kmcasparande@phoca.cz,19/4/2023,1370.8
484,Cynthia,Keasley,ckeasleydf@about.me,27/5/2024,1030.4
485,Kristina,Bradnam,kbradnamdg@accuweather.com,3/3/2023,1554.6
486,Fanechka,Shadfourth,fshadfourthdh@miitbeian.gov.cn,28/11/2023,1600.8
487,Donna,Bonnavant,dbonnavantdi@geocities.jp,27/4/2023,1134.1
488,Brynn,Dunmore,bdunmoredj@mapquest.com,14/4/2023,1060.9
489,Karlotta,Bernardinelli,kbernardinellidk@cbc.ca,21/1/2023,1719.3
490,Jimmy,Stapele,jstapeledl@behance.net,5/12/2023,1485.2
491,Alberto,Ould,aoulddm@github.com,3/3/2024,1493.8
492,Terri,Dumbrell,tdumbrelldn@squidoo.com,20/12/2023,1421.8
493,Meir,Peagram,mpeagramdo@oaic.gov.au,21/7/2023,1475.8
494,Melba,Palek,mpalekdp@51.la,3/9/2023,1705.4
495,Selle,Britto,sbrittodq@wikimedia.org,31/3/2024,1457.7
496,Merrilee,Swigger,mswiggerdr@github.io,9/5/2024,1289.4
497,Jerry,Caudle,jcaudleds@sciencedirect.com,18/4/2023,1025
498,Jessie,Gerrels,jgerrelsdt@imgur.com,18/7/2023,1647.4
499,Corri,Brideau,cbrideaudu@harvard.edu,21/6/2023,1760.1
500,Laetitia,Hodges,lhodgesdv@yelp.com,9/11/2023,1367.5
501,Fawn,Mullane,fmullanedw@constantcontact.com,21/7/2023,1883.5
502,Pebrook,Tomczykiewicz,ptomczykiewiczdx@webs.com,7/5/2023,1481.2
503,Wendye,Whye,wwhyedy@instagram.com,15/4/2024,1683.7
504,Lilian,Cardello,lcardellodz@theatlantic.com,20/2/2024,1259
505,Adey,Wodeland,awodelande0@arstechnica.com,8/1/2023,1220.8
506,Holly,Peake,hpeakee1@icq.com,27/2/2024,1948.3
507,Claudian,Prendergast,cprendergaste2@cloudflare.com,10/2/2023,1875.6
508,Blinny,French,bfrenche3@google.co.jp,9/6/2023,1708.9
509,Lou,Ingarfield,lingarfielde4@prlog.org,16/2/2023,1939
510,Bobbi,Chiles,bchilese5@netvibes.com,18/8/2023,1398.6
511,Mair,Antoni,mantonie6@nba.com,16/10/2023,1844.8
512,Mitchel,Bortolozzi,mbortolozzie7@deliciousdays.com,18/11/2023,1327.4
513,Alasdair,Yanele,ayanelee8@unc.edu,15/4/2023,1508.7
514,Nicolle,Lesek,nleseke9@comsenz.com,16/7/2023,1777.8
515,Xymenes,Ahlf,xahlfea@rakuten.co.jp,14/6/2023,1292.8
516,Hobard,Rosie,hrosieeb@smugmug.com,15/8/2023,1258.7
517,Winny,Thackray,wthackrayec@nytimes.com,29/1/2024,1212.5
518,De witt,Edwicker,dedwickered@slashdot.org,14/1/2023,1633.4
519,Sancho,Geyton,sgeytonee@cpanel.net,6/5/2024,1304.7
520,Amelie,Silk,asilkef@imgur.com,24/1/2024,1932.3
521,Arvy,Coley,acoleyeg@apple.com,22/4/2024,1209.7
522,Bart,Yann,byanneh@hp.com,10/4/2024,1557
523,Trisha,O'Connolly,toconnollyei@ocn.ne.jp,29/5/2023,1486.1
524,Igor,Capehorn,icapehornej@1und1.de,29/1/2023,1484.4
525,Christiano,Oldknow,coldknowek@goodreads.com,10/4/2024,1663.5
526,Madelle,Bradder,mbradderel@imdb.com,6/6/2023,1111.2
527,Sande,Lyfe,slyfeem@hugedomains.com,16/12/2023,1522.3
528,Guendolen,Mcmanaman,gmcmanamanen@disqus.com,14/4/2024,1177.8
529,Teri,Kardos,tkardoseo@opera.com,22/3/2023,1453.1
530,Rance,Franzettoini,rfranzettoiniep@chron.com,31/7/2023,1611.2
531,Roderic,Antoniades,rantoniadeseq@hugedomains.com,12/1/2023,1771.8
532,Minne,Boylin,mboyliner@mozilla.org,11/12/2023,1304.1
533,Clim,Piller,cpilleres@desdev.cn,14/4/2024,1344.1
534,Selena,Rishworth,srishworthet@nps.gov,11/3/2024,1598.9
535,Corinne,Cracknall,ccracknalleu@nba.com,14/3/2024,1216.6
536,Robbie,Perrott,rperrottev@va.gov,1/1/2023,1985.8
537,Alfie,Waker,awakerew@deviantart.com,20/4/2023,1184.4
538,Annmaria,Barber,abarberex@google.ru,4/3/2023,1689.2
539,Dorice,Kubera,dkuberaey@ibm.com,6/8/2023,1871.6
540,Nicoli,Brimmicombe,nbrimmicombeez@seattletimes.com,25/3/2024,1107
541,Gianni,Blaasch,gblaaschf0@miibeian.gov.cn,13/4/2023,1308.2
542,Stacia,Buzin,sbuzinf1@springer.com,23/12/2023,1341.7
543,Helyn,Lewnden,hlewndenf2@zdnet.com,19/2/2023,1980.3
544,Cissy,Sneyd,csneydf3@imdb.com,20/9/2023,1677.9
545,Wyatt,Bollins,wbollinsf4@oracle.com,24/4/2023,1576
546,Doy,Matthieson,dmatthiesonf5@uol.com.br,14/5/2024,1191.2
547,Berny,Giacomini,bgiacominif6@japanpost.jp,27/7/2023,1787.1
548,Veradis,Lown,vlownf7@etsy.com,21/1/2023,1547.7
549,Pauline,Sneddon,psneddonf8@zdnet.com,17/5/2023,1200.9
550,Rance,Smieton,rsmietonf9@angelfire.com,6/11/2023,1268.3
551,Dru,Steven,dstevenfa@illinois.edu,22/12/2023,1450
552,Dar,Tyre,dtyrefb@g.co,3/2/2023,1083.1
553,Gabriel,Easen,geasenfc@ifeng.com,17/10/2023,1853.5
554,Timmy,Beswetherick,tbeswetherickfd@fda.gov,24/1/2023,1866
555,Ninnetta,Tamburi,ntamburife@marketwatch.com,20/5/2023,1453.1
556,Raimondo,Macauley,rmacauleyff@pen.io,28/3/2023,1884.7
557,Bernadene,Indgs,bindgsfg@indiatimes.com,22/7/2023,1618.2
558,Ignatius,Dow,idowfh@typepad.com,7/2/2023,1880.8
559,Mal,Aleksankov,maleksankovfi@miitbeian.gov.cn,8/6/2023,1842.4
560,Jeremie,Lenham,jlenhamfj@stumbleupon.com,11/2/2023,1583.8
561,Dolly,Purvess,dpurvessfk@com.com,22/4/2024,1010.1
562,Tammy,Handrek,thandrekfl@istockphoto.com,15/5/2023,1621.3
563,Emmery,Livock,elivockfm@reuters.com,11/10/2023,1380.3
564,Ike,Ryott,iryottfn@si.edu,11/5/2023,1253.9
565,Adolphe,Cabedo,acabedofo@desdev.cn,28/8/2023,1093.2
566,Anatole,Featonby,afeatonbyfp@boston.com,17/7/2023,1152.2
567,Berri,Hillock,bhillockfq@pbs.org,7/2/2023,1147.3
568,Noach,Grinaway,ngrinawayfr@blog.com,22/9/2023,1512
569,Gabe,Blacktin,gblacktinfs@google.cn,6/7/2023,1858.6
570,Ingemar,Ridler,iridlerft@hostgator.com,16/4/2024,1191.1
571,Ariela,Amorine,aamorinefu@google.fr,24/4/2023,1291.8
572,Claudetta,Daldry,cdaldryfv@booking.com,26/11/2023,1097.1
573,Brock,Kohtler,bkohtlerfw@cnet.com,24/5/2023,1840.5
574,Reynolds,Danielut,rdanielutfx@constantcontact.com,9/12/2023,1207.4
575,Reube,Coulthard,rcoulthardfy@accuweather.com,16/7/2023,1466.4
576,Jourdan,Moralas,jmoralasfz@addthis.com,23/7/2023,1509.1
577,Ilse,Hise,ihiseg0@list-manage.com,3/5/2024,1858.5
578,Rachele,Gwinnel,rgwinnelg1@virginia.edu,4/11/2023,1118.5
579,Gus,Lewson,glewsong2@accuweather.com,7/1/2023,1155.2
580,Tuckie,Demougeot,tdemougeotg3@webmd.com,18/2/2023,1517.1
581,Siana,Sinderland,ssinderlandg4@free.fr,27/5/2023,1935.2
582,Wandie,Adrienne,wadrienneg5@csmonitor.com,17/10/2023,1506.8
583,Bert,Cattroll,bcattrollg6@discovery.com,21/11/2023,1035
584,D'arcy,McReynolds,dmcreynoldsg7@sakura.ne.jp,14/2/2024,1603.5
585,Pamella,Harroway,pharrowayg8@whitehouse.gov,28/8/2023,1445
586,Lorain,Ganderton,lgandertong9@github.io,31/3/2024,1368.5
587,Carri,Fuke,cfukega@cisco.com,19/1/2024,1800.7
588,Rosaline,Guage,rguagegb@kickstarter.com,12/4/2023,1284.8
589,Fedora,Vossing,fvossinggc@usnews.com,27/9/2023,1533.8
590,Margery,Ulyatt,mulyattgd@time.com,5/7/2023,1228.6
591,Delainey,Glazyer,dglazyerge@wired.com,11/2/2023,1229.3
592,Tait,Grut,tgrutgf@chicagotribune.com,25/3/2023,1178.2
593,Harvey,Misken,hmiskengg@biblegateway.com,15/2/2024,1646.6
594,Karrie,Glennard,kglennardgh@princeton.edu,6/12/2023,1645.8
595,Rubetta,Sunter,rsuntergi@howstuffworks.com,19/1/2024,1139.1
596,Olenka,Folliss,ofollissgj@csmonitor.com,30/6/2023,1504.6
597,Tabb,Dimitriades,tdimitriadesgk@flavors.me,17/4/2024,1170.9
598,Dav,Dommerque,ddommerquegl@buzzfeed.com,15/1/2023,1842.7
599,Geri,Andreia,gandreiagm@mysql.com,28/1/2024,1212
600,Meredeth,Quarterman,mquartermangn@moonfruit.com,8/4/2024,1393
601,Corny,Rawne,crawnego@cargocollective.com,27/11/2023,1567.8
602,Bevin,Bulward,bbulwardgp@bloomberg.com,22/3/2023,1054.2
603,Standford,Bremeyer,sbremeyergq@ed.gov,28/5/2024,1244.5
604,Kristy,Leathem,kleathemgr@furl.net,28/3/2023,1691.8
605,Allianora,Sabbins,asabbinsgs@cornell.edu,17/6/2023,1405.7
606,Nataline,Thirsk,nthirskgt@deliciousdays.com,14/3/2024,1239.8
607,Karmen,Stanyer,kstanyergu@ft.com,6/5/2024,1488.6
608,Murvyn,Meakin,mmeakingv@amazon.com,23/5/2023,1047.3
609,Whit,Pinckney,wpinckneygw@pagesperso-orange.fr,8/3/2023,1203.3
610,Farris,Race,fracegx@seattletimes.com,1/2/2023,1107.9
611,Dilan,Knatt,dknattgy@forbes.com,28/1/2023,1430.5
612,Garold,Lipgens,glipgensgz@trellian.com,14/5/2024,1377.3
613,Robinson,Ware,rwareh0@hostgator.com,10/2/2024,1662.5
614,Lory,Ablitt,lablitth1@com.com,25/1/2023,1611
615,Fairfax,Linklet,flinkleth2@engadget.com,15/5/2024,1523.4
616,Tresa,Aaronsohn,taaronsohnh3@thetimes.co.uk,6/5/2024,1455.7
617,Hedwiga,Reisin,hreisinh4@scribd.com,16/4/2023,1199.5
618,Janina,Kirkman,jkirkmanh5@flavors.me,1/11/2023,1534
619,Gabie,Ianelli,gianellih6@apache.org,11/7/2023,1553.8
620,Scarlet,Hatchell,shatchellh7@cloudflare.com,14/9/2023,1888
621,Andromache,Kob,akobh8@networksolutions.com,11/1/2023,1788.7
622,Sheree,Dannehl,sdannehlh9@house.gov,2/1/2023,1071.4
623,Carny,Wakley,cwakleyha@cnn.com,1/9/2023,1480.7
624,Rori,Le Monnier,rlemonnierhb@arizona.edu,24/7/2023,1059.7
625,Steffi,Cauley,scauleyhc@purevolume.com,28/10/2023,1017.3
626,Chastity,Klink,cklinkhd@thetimes.co.uk,14/3/2024,1181.8
627,Jillian,Vequaud,jvequaudhe@sbwire.com,11/3/2024,1860.5
628,Katti,Glowach,kglowachhf@blogger.com,13/10/2023,1659.9
629,Bobbe,Edgecombe,bedgecombehg@kickstarter.com,28/4/2023,1655.2
630,Courtenay,Gleave,cgleavehh@mail.ru,13/2/2023,1469.6
631,Sianna,Gosenell,sgosenellhi@blogs.com,18/3/2024,1361.2
632,Tootsie,Massinger,tmassingerhj@delicious.com,7/3/2023,1569.3
633,Katti,Lowrance,klowrancehk@hp.com,4/12/2023,1983.6
634,Pete,Woodard,pwoodardhl@hatena.ne.jp,16/4/2024,1502.6
635,Leland,Kneeshaw,lkneeshawhm@360.cn,16/5/2023,1820
636,Alisander,Tasseler,atasselerhn@studiopress.com,23/11/2023,1209.2
637,Carmella,Spilling,cspillingho@cdc.gov,27/10/2023,1890.3
638,Ambrose,Kellet,akellethp@state.tx.us,9/6/2023,1332.2
639,Sawyere,Finnick,sfinnickhq@bloomberg.com,12/10/2023,1809.4
640,Andrea,Touret,atourethr@cbslocal.com,28/3/2024,1137.8
641,Gerald,Barnewell,gbarnewellhs@cloudflare.com,28/8/2023,1380
642,Fay,Conti,fcontiht@youtube.com,17/4/2023,1543.7
643,Gerik,Rugg,grugghu@examiner.com,6/2/2023,1998.6
644,Becky,Allcorn,ballcornhv@pagesperso-orange.fr,6/2/2024,1566.7
645,Georgina,Carnew,gcarnewhw@skype.com,30/3/2024,1654.1
646,Berri,Karpov,bkarpovhx@4shared.com,31/7/2023,1764.2
647,Vito,Cromer,vcromerhy@businessweek.com,8/5/2024,1820.6
648,Andreas,Liepina,aliepinahz@apache.org,24/6/2023,1135.5
649,Noel,Kneebone,nkneebonei0@ox.ac.uk,16/3/2023,1021.2
650,Augustin,Kave,akavei1@jalbum.net,8/1/2023,1590.2
651,Fidole,Mitchelhill,fmitchelhilli2@wix.com,28/1/2024,1647.7
652,Winston,Swaton,wswatoni3@zimbio.com,15/2/2023,1821.7
653,Dorita,Fittall,dfittalli4@msu.edu,11/8/2023,1010
654,Gardiner,Turrill,gturrilli5@apache.org,7/5/2023,1690.1
655,Eveline,Rilston,erilstoni6@sciencedirect.com,28/10/2023,1987.5
656,Xever,Toun,xtouni7@addtoany.com,19/12/2023,1853.3
657,Webster,Weinham,wweinhami8@privacy.gov.au,30/3/2023,1979.2
658,Wilhelmina,Barkus,wbarkusi9@psu.edu,1/5/2023,1122.4
659,Jessalyn,Costanza,jcostanzaia@webs.com,20/3/2024,1939.2
660,Carney,Caverhill,ccaverhillib@opera.com,20/9/2023,1789.6
661,Selina,Tams,stamsic@examiner.com,5/9/2023,1117.8
662,Trescha,Hadgraft,thadgraftid@cyberchimps.com,30/3/2024,1366
663,Mavra,Vreiberg,mvreibergie@rambler.ru,16/2/2023,1029.3
664,Gloriana,Beynkn,gbeynknif@timesonline.co.uk,5/12/2023,1992.6
665,Shaine,Bynold,sbynoldig@springer.com,14/2/2024,1150.9
666,Filide,Medina,fmedinaih@cdbaby.com,27/4/2023,1651.5
667,Amabelle,Mapis,amapisii@exblog.jp,5/1/2024,1660.1
668,Sally,Langan,slanganij@bing.com,19/9/2023,1412.8
669,Bari,Hammor,bhammorik@about.me,17/1/2024,1541.3
670,Brandea,Whitelock,bwhitelockil@reverbnation.com,10/10/2023,1224.4
671,Lindy,Smythin,lsmythinim@parallels.com,19/12/2023,1951.8
672,Annora,Reason,areasonin@pen.io,11/8/2023,1136.9
673,Urban,Sudlow,usudlowio@ftc.gov,3/7/2023,1164.5
674,Harman,Muggeridge,hmuggeridgeip@i2i.jp,15/3/2023,1562.3
675,Rockey,Dewicke,rdewickeiq@mysql.com,24/6/2023,1871.6
676,Michal,Dymick,mdymickir@abc.net.au,18/5/2024,1346.4
677,Hyacinthie,Swalwel,hswalwelis@blog.com,7/7/2023,1289.6
678,Clary,Bargery,cbargeryit@vkontakte.ru,28/6/2023,1151.4
679,Ethyl,Cowland,ecowlandiu@gizmodo.com,28/3/2024,1981.7
680,Gabrielle,Jewer,gjeweriv@topsy.com,16/4/2024,1157.7
681,Hi,Housin,hhousiniw@springer.com,19/1/2024,1511.4
682,Tuesday,Gierok,tgierokix@businesswire.com,27/5/2023,1186.1
683,Pincus,Moffatt,pmoffattiy@issuu.com,29/11/2023,1421.2
684,Elsa,Olivas,eolivasiz@free.fr,2/12/2023,1005.8
685,Gerhardt,Swanbourne,gswanbournej0@huffingtonpost.com,8/5/2024,1904.6
686,Blythe,Castana,bcastanaj1@printfriendly.com,27/1/2024,1919.8
687,Vaughan,Neesam,vneesamj2@shinystat.com,27/7/2023,1464.1
688,Hans,O'Sheeryne,hosheerynej3@si.edu,29/10/2023,1768.9
689,Barny,Varren,bvarrenj4@zimbio.com,22/3/2023,1283.5
690,Erminia,Gannicleff,egannicleffj5@dion.ne.jp,20/9/2023,1780.1
691,Bendix,Bradwell,bbradwellj6@auda.org.au,20/3/2023,1315.1
692,Broderic,Debney,bdebneyj7@state.tx.us,20/2/2024,1303.6
693,Harry,Delong,hdelongj8@wikipedia.org,1/3/2023,1687.3
694,Alice,O'Calleran,aocalleranj9@va.gov,10/9/2023,1591.5
695,Tybalt,Winslade,twinsladeja@mozilla.com,6/9/2023,1787.8
696,Byran,Sarge,bsargejb@furl.net,11/3/2024,1496.6
697,Ted,Reace,treacejc@tripadvisor.com,20/4/2023,1150.8
698,Jsandye,Addlestone,jaddlestonejd@go.com,7/1/2024,1934.4
699,Bidget,Tuley,btuleyje@desdev.cn,25/4/2024,1743.3
700,Camilla,Godin,cgodinjf@weather.com,22/2/2023,1408.7
701,Dirk,Dawson,ddawsonjg@ed.gov,24/1/2023,1049.9
702,Fulvia,Dickons,fdickonsjh@spiegel.de,21/5/2024,1137.8
703,Roxana,Antonik,rantonikji@taobao.com,26/6/2023,1611.9
704,Adora,Klement,aklementjj@fastcompany.com,16/1/2024,1865.5
705,Shaylah,Antonioni,santonionijk@amazonaws.com,8/1/2024,1123.7
706,Betty,Redish,bredishjl@icio.us,24/5/2023,1216.5
707,Darb,Speddin,dspeddinjm@blinklist.com,3/5/2024,1012.8
708,Glenden,Glasby,gglasbyjn@creativecommons.org,17/7/2023,1403
709,Lotte,Warret,lwarretjo@abc.net.au,22/1/2024,1948.4
710,Abbott,Sonley,asonleyjp@home.pl,9/1/2024,1653.1
711,Legra,Tinniswood,ltinniswoodjq@umn.edu,19/5/2023,1187.5
712,Kamila,Charon,kcharonjr@msn.com,18/1/2023,1599.9
713,Casi,Tender,ctenderjs@accuweather.com,24/3/2023,1807.8
714,Nannette,Sissland,nsisslandjt@usa.gov,25/12/2023,1092.3
715,Odo,Monnery,omonneryju@moonfruit.com,21/11/2023,1618.6
716,Viva,Prattin,vprattinjv@npr.org,14/5/2024,1158.3
717,Dallis,Lyes,dlyesjw@mail.ru,28/9/2023,1963.4
718,Windham,Treble,wtreblejx@ibm.com,29/1/2023,1446.4
719,Bette,Patrickson,bpatricksonjy@nhs.uk,4/3/2023,1493.8
720,Friederike,Chitham,fchithamjz@apple.com,22/9/2023,1430.6
721,Marybelle,Wernher,mwernherk0@godaddy.com,10/4/2024,1097.5
722,Morse,O' Mulderrig,momulderrigk1@cdbaby.com,22/7/2023,1596.9
723,Yardley,Yven,yyvenk2@auda.org.au,24/10/2023,1404.5
724,Ferdinanda,Reynold,freynoldk3@gmpg.org,26/1/2024,1627.9
725,Maritsa,Seamark,mseamarkk4@census.gov,8/4/2024,1205.8
726,Arlan,Sabater,asabaterk5@flavors.me,25/1/2023,1456.8
727,Becky,Fermer,bfermerk6@senate.gov,6/11/2023,1469.6
728,Kizzee,Cashen,kcashenk7@yelp.com,26/3/2024,1189.3
729,Jana,Jeste,jjestek8@aboutads.info,18/7/2023,1874.5
730,Gratia,Ashenhurst,gashenhurstk9@de.vu,2/3/2023,1020.4
731,Caddric,Vynoll,cvynollka@mozilla.com,23/1/2024,1822.8
732,Haley,Usmar,husmarkb@aol.com,15/4/2023,1299.4
733,Keslie,Bastone,kbastonekc@reuters.com,13/1/2024,1378.6
734,Wyatan,Epton,weptonkd@purevolume.com,18/1/2023,1273.5
735,Kaleb,Favell,kfavellke@dedecms.com,27/8/2023,1265.4
736,Staffard,Jubert,sjubertkf@qq.com,13/3/2023,1974.4
737,Bee,Ledbury,bledburykg@chicagotribune.com,13/9/2023,1679.5
738,Catarina,Izzett,cizzettkh@blogtalkradio.com,20/8/2023,1074.4
739,Hansiain,McKennan,hmckennanki@salon.com,12/7/2023,1663
740,Kendal,O'Hartnett,kohartnettkj@discuz.net,13/5/2023,1192.3
741,Olympie,Howse,ohowsekk@thetimes.co.uk,6/3/2023,1428.5
742,Gilbertina,Bradforth,gbradforthkl@cbc.ca,28/3/2024,1181.6
743,Paquito,Lewerenz,plewerenzkm@xrea.com,15/11/2023,1486.7
744,Cynthie,Kinder,ckinderkn@washington.edu,23/10/2023,1035.2
745,Muriel,Hanbidge,mhanbidgeko@nationalgeographic.com,6/4/2023,1025.9
746,Sadye,Croasdale,scroasdalekp@youku.com,25/1/2023,1489.2
747,Jesse,Tallis,jtalliskq@linkedin.com,22/3/2024,1888
748,Carla,Beernaert,cbeernaertkr@topsy.com,21/5/2024,1063.6
749,Laurice,Ellerker,lellerkerks@google.ca,14/9/2023,1980.3
750,Marissa,Sheardown,msheardownkt@loc.gov,13/3/2024,1764
751,Cecil,Sperling,csperlingku@bbb.org,24/3/2023,1805.9
752,Thatcher,Malcolmson,tmalcolmsonkv@unc.edu,7/6/2023,1794.5
753,Rhiamon,Tome,rtomekw@ihg.com,3/3/2023,1537.5
754,Dav,Tolman,dtolmankx@thetimes.co.uk,7/9/2023,1963.6
755,Stephannie,Lindenman,slindenmanky@mail.ru,12/3/2024,1467.8
756,Whitney,Castle,wcastlekz@opera.com,18/11/2023,1468.7
757,Elaina,Ridges,eridgesl0@admin.ch,27/1/2024,1600.4
758,Jessee,Law,jlawl1@yolasite.com,21/7/2023,1549.1
759,Grace,Dyter,gdyterl2@feedburner.com,28/2/2024,1258.8
760,Chadd,Woodfin,cwoodfinl3@stumbleupon.com,9/6/2023,1197.6
761,Lilia,Simmill,lsimmilll4@deliciousdays.com,21/5/2023,1423
762,Mason,Benini,mbeninil5@smh.com.au,6/1/2023,1926.2
763,Frank,Fewless,ffewlessl6@1688.com,28/8/2023,1980.1
764,Whittaker,Macura,wmacural7@apple.com,22/3/2024,1849.7
765,Adriano,Crutch,acrutchl8@multiply.com,31/1/2023,1250.7
766,Clint,Mancell,cmancelll9@prlog.org,4/7/2023,1164.5
767,Nanete,Baggally,nbaggallyla@globo.com,26/12/2023,1664.5
768,Isa,Barsby,ibarsbylb@japanpost.jp,5/2/2023,1436.6
769,Giorgio,Scammell,gscammelllc@gov.uk,27/9/2023,1533.2
770,Artemas,Duckhouse,aduckhouseld@gmpg.org,11/2/2023,1336.4
771,Dickie,Parks,dparksle@auda.org.au,29/3/2023,1392.8
772,Egor,Loftie,eloftielf@sciencedaily.com,25/2/2023,1148.4
773,Tann,Jan,tjanlg@usda.gov,11/2/2023,1577.9
774,Abbi,Brisker,abriskerlh@ftc.gov,20/2/2024,1634.6
775,Tate,Strathern,tstrathernli@paginegialle.it,12/12/2023,1044.6
776,Tracy,Onians,tonianslj@cpanel.net,10/7/2023,1331.8
777,Craggy,Phinn,cphinnlk@live.com,17/4/2023,1651.5
778,Mischa,Eilert,meilertll@jiathis.com,10/4/2023,1864.9
779,Isidro,Claibourn,iclaibournlm@nymag.com,4/2/2023,1068.7
780,Alanah,Fison,afisonln@phpbb.com,25/6/2023,1612.1
781,Pietro,Mauvin,pmauvinlo@bloomberg.com,18/4/2024,1598.7
782,Orelia,Trimbey,otrimbeylp@buzzfeed.com,6/10/2023,1946.5
783,Berri,Jurgensen,bjurgensenlq@senate.gov,25/5/2024,1198.2
784,Agathe,Rumbelow,arumbelowlr@guardian.co.uk,9/12/2023,1762.4
785,Loren,McCuish,lmccuishls@cnbc.com,21/6/2023,1000.9
786,Wilmette,Waghorne,wwaghornelt@earthlink.net,24/3/2023,1854.8
787,Robinette,Burles,rburleslu@go.com,27/3/2024,1816.6
788,Ellen,Card,ecardlv@fastcompany.com,27/9/2023,1536.7
789,Didi,MacLese,dmacleselw@bbc.co.uk,6/2/2023,1978.3
790,Joyan,Iannitti,jiannittilx@bbb.org,13/1/2024,1335.7
791,Moreen,McCorry,mmccorryly@imgur.com,9/5/2024,1746.6
792,Ruperta,Lorentz,rlorentzlz@gmpg.org,8/1/2023,1522.4
793,Cash,Lackmann,clackmannm0@chron.com,26/5/2023,1500.3
794,Caty,Baline,cbalinem1@abc.net.au,10/3/2023,1357
795,Mame,Bray,mbraym2@weibo.com,15/10/2023,1276
796,Calida,Symes,csymesm3@ow.ly,22/3/2024,1878.1
797,Mufinella,Clevely,mclevelym4@bloglovin.com,13/1/2023,1911
798,Fitz,Whittlesea,fwhittleseam5@dell.com,6/4/2023,1990.8
799,Marlyn,Quirk,mquirkm6@photobucket.com,28/7/2023,1862.1
800,Anderea,Papis,apapism7@sfgate.com,8/1/2024,1735.5
801,Sarine,Safell,ssafellm8@techcrunch.com,4/5/2024,1983.5
802,Hinze,Muldownie,hmuldowniem9@cbc.ca,2/2/2024,1181.6
803,Janenna,Buzin,jbuzinma@pinterest.com,18/9/2023,1830.5
804,Emalee,Tattam,etattammb@about.me,7/12/2023,1215
805,Ernest,Layton,elaytonmc@issuu.com,27/1/2024,1015.1
806,Lucretia,Martinuzzi,lmartinuzzimd@furl.net,9/2/2024,1386
807,Fritz,Dawber,fdawberme@livejournal.com,18/3/2024,1332.6
808,Auroora,Bridgestock,abridgestockmf@cdc.gov,28/11/2023,1573.6
809,Kissie,Wavell,kwavellmg@imdb.com,19/5/2023,1873.1
810,Remington,Sorbie,rsorbiemh@cnn.com,25/4/2023,1540.9
811,Lorita,Battson,lbattsonmi@gizmodo.com,17/3/2024,1343.3
812,Stearne,Hussell,shussellmj@theatlantic.com,5/10/2023,1038.1
813,Eadie,Whear,ewhearmk@miitbeian.gov.cn,14/6/2023,1969.9
814,Marie,Overstone,moverstoneml@jiathis.com,2/2/2023,1130.8
815,Betti,Fagence,bfagencemm@tamu.edu,26/12/2023,1951.1
816,Ewan,Petheridge,epetheridgemn@sciencedirect.com,5/12/2023,1468.5
817,Lilith,Dy,ldymo@unblog.fr,30/5/2023,1990.9
818,Agnella,Goldhill,agoldhillmp@prnewswire.com,6/2/2024,1459.8
819,Rudiger,Nibloe,rnibloemq@twitpic.com,22/4/2023,1948.6
820,Rupert,Noot,rnootmr@arizona.edu,5/6/2023,1065.8
821,Myca,Klossmann,mklossmannms@eventbrite.com,4/11/2023,1398.8
822,Dill,Bown,dbownmt@constantcontact.com,22/1/2023,1041.3
823,Gisela,Revey,greveymu@geocities.jp,4/9/2023,1487.1
824,Ketty,Trebble,ktrebblemv@miibeian.gov.cn,21/3/2024,1418.5
825,Raquel,Quimby,rquimbymw@studiopress.com,5/1/2023,1113.8
826,Breena,Giordano,bgiordanomx@e-recht24.de,11/1/2023,1687.9
827,Lucina,Rattry,lrattrymy@bandcamp.com,8/8/2023,1473.3
828,Brana,Caulliere,bcaullieremz@youtu.be,18/7/2023,1804.1
829,Barty,Morten,bmortenn0@yandex.ru,11/1/2024,1263.2
830,Celine,Petts,cpettsn1@home.pl,2/4/2023,1301
831,Dominic,Simmans,dsimmansn2@nymag.com,17/10/2023,1083.2
832,Brynne,Frye,bfryen3@tinypic.com,8/2/2023,1537.8
833,Wendie,Lydford,wlydfordn4@woothemes.com,17/3/2023,1589.9
834,Vincenz,Orae,voraen5@businessweek.com,28/7/2023,1716.8
835,Coral,Sneesby,csneesbyn6@jimdo.com,23/1/2023,1263.2
836,Flory,Bedberry,fbedberryn7@acquirethisname.com,20/3/2023,1848.4
837,Jessamine,Perkin,jperkinn8@nps.gov,21/2/2023,1961
838,Kirby,McCaffrey,kmccaffreyn9@reddit.com,9/9/2023,1570
839,Carlin,Plume,cplumena@cam.ac.uk,25/5/2023,1619.5
840,Danila,Lamyman,dlamymannb@mapy.cz,8/6/2023,1284.7
841,Colas,Ratie,cratienc@dedecms.com,2/5/2023,1182.8
842,Davide,Cruce,dcrucend@ucoz.ru,1/7/2023,1764.4
843,Casper,Harvard,charvardne@techcrunch.com,8/6/2023,1508.5
844,Kandace,Motton,kmottonnf@shinystat.com,8/11/2023,1857.4
845,Cal,Jurewicz,cjurewiczng@loc.gov,4/2/2023,1686.2
846,Bogart,Goodwyn,bgoodwynnh@miibeian.gov.cn,7/2/2023,1194.8
847,Sharleen,Mably,smablyni@google.com,21/12/2023,1707
848,Sven,Ahearne,sahearnenj@artisteer.com,6/2/2024,1964
849,Kasper,Gleave,kgleavenk@ted.com,22/1/2023,1769.2
850,Kaiser,Aspell,kaspellnl@census.gov,13/1/2023,1148.3
851,Aldridge,Brunke,abrunkenm@oracle.com,7/2/2024,1959.2
852,Cristal,Tomasutti,ctomasuttinn@mail.ru,3/10/2023,1360.5
853,Jami,Lars,jlarsno@vinaora.com,2/4/2023,1699.4
854,Eugenia,MacCarrane,emaccarranenp@elegantthemes.com,16/5/2023,1170.3
855,Kendre,Biss,kbissnq@nsw.gov.au,9/12/2023,1065.8
856,Isidro,Digginson,idigginsonnr@paginegialle.it,21/9/2023,1114.6
857,Mariette,Putt,mputtns@moonfruit.com,18/12/2023,1239.2
858,Walker,Calbreath,wcalbreathnt@sourceforge.net,9/9/2023,1191.3
859,Barrett,Jerke,bjerkenu@mysql.com,14/1/2024,1950.4
860,Julia,Morando,jmorandonv@wordpress.org,1/2/2024,1410.1
861,Edy,Tavernor,etavernornw@walmart.com,14/5/2024,1053
862,Aileen,Longcaster,alongcasternx@google.it,26/7/2023,1637.5
863,Lian,Stoke,lstokeny@umn.edu,9/7/2023,1382.9
864,Jo,Yakovliv,jyakovlivnz@tamu.edu,17/5/2024,1760.7
865,Trixi,Vaulkhard,tvaulkhardo0@blogger.com,1/1/2023,1044.1
866,Liv,Kyne,lkyneo1@disqus.com,27/6/2023,1866.1
867,Gordie,Carrier,gcarriero2@rambler.ru,19/6/2023,1717.2
868,Sansone,Zapater,szapatero3@squidoo.com,3/12/2023,1318.5
869,Terri,Blackaller,tblackallero4@deviantart.com,10/1/2024,1376.5
870,Tamera,Oake,toakeo5@tiny.cc,20/5/2023,1580.4
871,Evanne,Sommers,esommerso6@economist.com,30/3/2024,1975.5
872,Marchall,Blueman,mbluemano7@vimeo.com,17/2/2024,1192.6
873,Meris,Cottham,mcotthamo8@bizjournals.com,3/1/2023,1975.5
874,Sutton,Yakovlev,syakovlevo9@scribd.com,4/6/2023,1345.6
875,Amalle,Rutland,arutlandoa@chronoengine.com,29/12/2023,1111
876,Hakim,Raitie,hraitieob@fastcompany.com,28/2/2024,1456.6
877,Maddie,Blissett,mblissettoc@newsvine.com,23/2/2023,1215.9
878,Jessy,Paulmann,jpaulmannod@alexa.com,4/5/2024,1274.8
879,Sibley,Tourville,stourvilleoe@yahoo.co.jp,23/6/2023,1623.3
880,Denny,Cumbers,dcumbersof@yellowpages.com,6/1/2024,1933.4
881,Filippa,Goff,fgoffog@ow.ly,19/5/2023,1165.1
882,Jen,Boyington,jboyingtonoh@nps.gov,5/6/2023,1704.7
883,Samara,Ferraron,sferraronoi@bbb.org,2/1/2023,1046.2
884,Valli,Burtonshaw,vburtonshawoj@skype.com,12/12/2023,1860.6
885,Nerty,Heningham,nheninghamok@mozilla.org,3/3/2023,1753.2
886,Jerad,Lindner,jlindnerol@fastcompany.com,19/4/2024,1875.3
887,Zolly,Folliss,zfollissom@hibu.com,12/3/2024,1606.7
888,Veronica,Burcher,vburcheron@nbcnews.com,2/3/2023,1662.6
889,Darius,Jossum,djossumoo@wufoo.com,14/3/2024,1664.9
890,Claiborn,Deaton,cdeatonop@dedecms.com,29/1/2024,1762.9
891,Mort,Campling,mcamplingoq@fotki.com,1/5/2023,1540.3
892,Roderigo,Birdseye,rbirdseyeor@reference.com,5/1/2024,1783.6
893,Peggi,Pietruschka,ppietruschkaos@google.es,28/2/2023,1103.7
894,Rowe,Treadger,rtreadgerot@boston.com,2/12/2023,1585.6
895,Brod,Streetfield,bstreetfieldou@skype.com,19/2/2024,1275.4
896,Gerta,Cato,gcatoov@friendfeed.com,9/7/2023,1669.1
897,Phil,Blankman,pblankmanow@myspace.com,13/3/2023,1664
898,Amelia,Scarsbrook,ascarsbrookox@msn.com,12/6/2023,1158.5
899,Feodora,Heers,fheersoy@europa.eu,13/2/2023,1920.4
900,Cristal,Sherewood,csherewoodoz@cpanel.net,28/11/2023,1945.8
901,Leia,Tomkiss,ltomkissp0@illinois.edu,12/9/2023,1229.2
902,Ardene,Cullinan,acullinanp1@gnu.org,24/5/2024,1258.1
903,Anderson,Elliss,aellissp2@1688.com,13/2/2024,1458.8
904,Ealasaid,Dooney,edooneyp3@odnoklassniki.ru,27/6/2023,1057.3
905,Saunder,Stigell,sstigellp4@wufoo.com,18/4/2023,1514.7
906,Erie,Yakobovitz,eyakobovitzp5@microsoft.com,8/3/2024,1428.7
907,Harper,Willman,hwillmanp6@boston.com,7/3/2024,1609.4
908,Symon,Triggol,striggolp7@ftc.gov,2/11/2023,1216.9
909,Beverley,Hanmer,bhanmerp8@pen.io,3/5/2024,1284.6
910,Carver,Paoloni,cpaolonip9@cam.ac.uk,8/5/2024,1167.9
911,Anastasie,Poller,apollerpa@nsw.gov.au,25/3/2023,1632.4
912,Merrilee,Ransley,mransleypb@artisteer.com,4/9/2023,1159.4
913,Idell,Tailour,itailourpc@tripadvisor.com,13/12/2023,1278.7
914,Maia,Corzor,mcorzorpd@unicef.org,21/4/2023,1134.1
915,Maurie,Cumberlidge,mcumberlidgepe@blogtalkradio.com,16/5/2024,1916.4
916,Garv,Roggero,groggeropf@pagesperso-orange.fr,10/4/2023,1811.7
917,Kikelia,Coldridge,kcoldridgepg@google.cn,28/9/2023,1278.2
918,Judas,Gales,jgalesph@weather.com,1/6/2023,1859
919,Maryanna,Passfield,mpassfieldpi@cam.ac.uk,16/8/2023,1268.5
920,Tersina,Abbitt,tabbittpj@comcast.net,15/6/2023,1536.5
921,Sallie,Waine,swainepk@bbb.org,21/3/2023,1017
922,Silvester,McNess,smcnesspl@fda.gov,14/9/2023,1666.7
923,Brandea,Tolerton,btolertonpm@examiner.com,4/1/2023,1925
924,Lorraine,MacCostigan,lmaccostiganpn@wix.com,14/11/2023,1046
925,Ive,Manske,imanskepo@wordpress.com,3/8/2023,1601.8
926,Othilie,Knoton,oknotonpp@cafepress.com,23/5/2024,1096.2
927,Isidore,Tuttiett,ituttiettpq@imdb.com,21/5/2023,1991.1
928,Tine,Purdon,tpurdonpr@gmpg.org,7/2/2024,1476.5
929,Chrisy,Babbidge,cbabbidgeps@multiply.com,13/4/2024,1455
930,Stoddard,Buckham,sbuckhampt@si.edu,31/12/2023,1600.7
931,Elvira,Klimp,eklimppu@google.fr,28/6/2023,1643.2
932,Norene,Fend,nfendpv@japanpost.jp,6/7/2023,1180.6
933,Saunderson,Fantham,sfanthampw@skype.com,1/2/2023,1395.1
934,Aurel,Filov,afilovpx@weebly.com,3/10/2023,1991.4
935,Blondelle,Kivlehan,bkivlehanpy@i2i.jp,17/1/2024,1961.3
936,Adele,Turnock,aturnockpz@nba.com,2/11/2023,1819.8
937,Nell,Sagg,nsaggq0@marketwatch.com,5/1/2024,1854.9
938,Elliott,Cleall,ecleallq1@mit.edu,8/11/2023,1486.1
939,Jackelyn,Hilbourne,jhilbourneq2@bizjournals.com,20/12/2023,1674.6
940,Rozamond,Bees,rbeesq3@ning.com,25/2/2024,1960.3
941,Thane,Ponter,tponterq4@unicef.org,15/11/2023,1262.4
942,Francine,Myton,fmytonq5@seesaa.net,10/1/2024,1335
943,Rutherford,Spenton,rspentonq6@marketwatch.com,27/2/2024,1473.5
944,Victoir,Glass,vglassq7@usatoday.com,29/12/2023,1155.7
945,Torr,Johansen,tjohansenq8@umn.edu,23/7/2023,1100.8
946,Floyd,Colkett,fcolkettq9@ifeng.com,19/1/2023,1563.3
947,Ellsworth,Phripp,ephrippqa@ox.ac.uk,16/9/2023,1548
948,Loreen,Orts,lortsqb@networksolutions.com,11/2/2024,1038.6
949,Carrissa,Wyett,cwyettqc@plala.or.jp,30/4/2024,1913.9
950,Brooks,Duferie,bduferieqd@hugedomains.com,6/2/2023,1568.1
951,Benjy,Attwood,battwoodqe@mtv.com,12/6/2023,1995.5
952,Davon,Abramino,dabraminoqf@latimes.com,14/1/2024,1946.6
953,Raff,Axelby,raxelbyqg@blogger.com,8/10/2023,1098.8
954,Cairistiona,Rocco,croccoqh@facebook.com,27/1/2024,1445.8
955,Leena,Antonetti,lantonettiqi@dmoz.org,24/11/2023,1297.3
956,Perkin,Zanicchelli,pzanicchelliqj@geocities.jp,7/3/2023,1083.2
957,Kakalina,Patrickson,kpatricksonqk@state.tx.us,11/8/2023,1282.5
958,Doug,Poyser,dpoyserql@t.co,23/1/2023,1983.7
959,Linette,Blaze,lblazeqm@imgur.com,30/3/2024,1387.9
960,Cobb,Morratt,cmorrattqn@lulu.com,22/2/2024,1967.8
961,Camile,Fratson,cfratsonqo@nature.com,27/4/2023,1067.9
962,Cari,Possell,cpossellqp@example.com,25/12/2023,1497.2
963,Heidie,Ubee,hubeeqq@slashdot.org,18/2/2024,1509
964,Craig,Gisbourn,cgisbournqr@dedecms.com,11/7/2023,1472.2
965,Lorant,Albon,lalbonqs@youtu.be,20/10/2023,1538
966,Vinny,Le Claire,vleclaireqt@ebay.com,31/1/2024,1857
967,Lanna,Littlepage,llittlepagequ@storify.com,13/11/2023,1030.6
968,Moise,Yu,myuqv@netscape.com,29/1/2023,1315.2
969,Dionisio,Loach,dloachqw@intel.com,10/5/2023,1828.9
970,Anjanette,de Lloyd,adelloydqx@ustream.tv,3/7/2023,1921.7
971,Brooks,Trill,btrillqy@reddit.com,3/5/2024,1475.9
972,Omero,Dobrowolski,odobrowolskiqz@dell.com,9/4/2024,1099.2
973,Dwight,Kernes,dkernesr0@cnbc.com,30/11/2023,1214.7
974,Anne,Flindall,aflindallr1@abc.net.au,10/9/2023,1679.9
975,Rip,Chaffyn,rchaffynr2@accuweather.com,25/3/2023,1985.4
976,De,Scrane,dscraner3@artisteer.com,10/10/2023,1883.6
977,Dugald,Pietruszka,dpietruszkar4@bloglines.com,18/3/2023,1453.9
978,Valdemar,D'Angeli,vdangelir5@elpais.com,9/8/2023,1256.8
979,Jonell,Ivashnikov,jivashnikovr6@diigo.com,12/1/2023,1086.6
980,Archy,MacGray,amacgrayr7@addthis.com,18/10/2023,1900.2
981,Kimball,Cotte,kcotter8@bravesites.com,8/6/2023,1961.7
982,Grata,Edgett,gedgettr9@bizjournals.com,30/5/2023,1520.5
983,Bruis,O'Mailey,bomaileyra@imageshack.us,4/2/2024,1890.7
984,Lissie,Chotty,lchottyrb@statcounter.com,15/2/2023,1114.2
985,Mikel,Speir,mspeirrc@nba.com,12/12/2023,1421.6
986,Morly,Drennan,mdrennanrd@umn.edu,3/7/2023,1748.4
987,Bernete,Plumer,bplumerre@java.com,11/1/2023,1765.6
988,Gusella,Markushkin,gmarkushkinrf@mysql.com,26/5/2024,1557.5
989,Alvira,Everton,aevertonrg@360.cn,4/12/2023,1706.9
990,Elnora,Houndson,ehoundsonrh@tripadvisor.com,29/6/2023,1753.8
991,Bunny,Manklow,bmanklowri@yolasite.com,16/4/2024,1252.3
992,Millicent,Beardshaw,mbeardshawrj@infoseek.co.jp,28/8/2023,1035.9
993,Obediah,Daymond,odaymondrk@hao123.com,28/1/2023,1612.1
994,Jacquette,Evitts,jevittsrl@ameblo.jp,22/8/2023,1325.7
995,Casie,Gilman,cgilmanrm@fastcompany.com,9/2/2023,1940.1
996,Melicent,Braybrook,mbraybrookrn@netlog.com,9/7/2023,1524.8
997,Christophe,Brownsworth,cbrownsworthro@godaddy.com,17/4/2024,1650.3
998,Natalya,Polden,npoldenrp@europa.eu,11/6/2023,1371
999,Norbert,Smillie,nsmillierq@e-recht24.de,22/12/2023,1799.4
1000,Benni,Cammell,bcammellrr@phpbb.com,16/6/2023,1769
